{"count":1,"self":1852.3490304,"total":7000.327324,"children":{"InitializeActuators":{"count":20,"self":0.0019944999999999997,"total":0.0019944999999999997,"children":null},"InitializeSensors":{"count":20,"self":0.0019944999999999997,"total":0.0019944999999999997,"children":null},"AgentSendState":{"count":4870417,"self":263.9517952,"total":460.015225,"children":{"CollectObservations":{"count":5844480,"self":4.6638272,"total":4.6638271,"children":null},"WriteActionMask":{"count":5844480,"self":5.1748384,"total":5.1748382,"children":null},"RequestDecision":{"count":5844480,"self":13.856224,"total":186.2247547,"children":{"AgentInfo.ToProto":{"count":5844480,"self":13.623932799999999,"total":172.36853,"children":{"GenerateSensorData":{"count":5844480,"self":140.8259584,"total":158.74459729999998,"children":{"RayPerceptionSensor.Perceive":{"count":11688960,"self":17.9186336,"total":17.9186332,"children":null}}}}}}}}},"DecideAction":{"count":4870417,"self":4656.4155392,"total":4656.4157018999995,"children":null},"AgentAct":{"count":4870417,"self":22.8902528,"total":22.8902534,"children":null},"AgentInfo.ToProto":{"count":202990,"self":0.8983723,"total":8.6520976,"children":{"GenerateSensorData":{"count":202990,"self":7.0538463999999994,"total":7.7537252999999993,"children":{"RayPerceptionSensor.Perceive":{"count":405980,"self":0.69987899999999992,"total":0.69987899999999992,"children":null}}}}}},"gauges":{"Snake.CumulativeReward":{"count":202990,"max":-1,"min":-69.10123,"runningAverage":-48.21471,"value":-45.900013,"weightedAverage":-46.6545067}},"metadata":{"timer_format_version":"0.1.0","start_time_seconds":"1647609559","unity_version":"2020.3.24f1","command_line_arguments":"C:\\Program Files\\Unity\\Hub\\Editor\\2020.3.24f1\\Editor\\Unity.exe -projectpath C:\\Users\\Angel\\Documents\\Unity\\Machine Learning 2D 2 -useHub -hubIPC -cloudEnvironment production -licensingIpc LicenseClient-Angel -hubSessionId 23565290-a65a-11ec-83db-b70c561506e1 -accessToken -Yu1bqa9wCDXu46U5tlMno3vCbJQTNIEnlVMWhIAzMc006f","communication_protocol_version":"1.5.0","com.unity.ml-agents_version":"2.2.1-exp.1","scene_name":"BigSnake","end_time_seconds":"1647616560"}}