{"count":1,"self":3382.5318912,"total":8908.830424,"children":{"InitializeActuators":{"count":15,"self":0.0019936999999999997,"total":0.0019936999999999997,"children":null},"InitializeSensors":{"count":15,"self":0.0019955999999999997,"total":0.0019955999999999997,"children":null},"AgentSendState":{"count":7781018,"self":345.1752448,"total":555.45001889999992,"children":{"CollectObservations":{"count":7002900,"self":5.9720464,"total":5.9720466,"children":null},"WriteActionMask":{"count":7002900,"self":6.3915771999999995,"total":6.3915771999999995,"children":null},"RequestDecision":{"count":7002900,"self":16.9390192,"total":197.9111481,"children":{"AgentInfo.ToProto":{"count":7002900,"self":17.4231648,"total":180.97212829999998,"children":{"GenerateSensorData":{"count":7002900,"self":142.6712832,"total":163.5489639,"children":{"RayPerceptionSensor.Perceive":{"count":14005800,"self":20.877686399999998,"total":20.877686999999998,"children":null}}}}}}}}},"DecideAction":{"count":7781018,"self":4916.3972607999995,"total":4916.3973805999995,"children":null},"AgentAct":{"count":7781018,"self":52.7015744,"total":52.7015739,"children":null},"AgentInfo.ToProto":{"count":50413,"self":0.2360339,"total":1.7446438,"children":{"GenerateSensorData":{"count":50413,"self":1.3475717999999999,"total":1.5086099,"children":{"RayPerceptionSensor.Perceive":{"count":100826,"self":0.1610381,"total":0.1610381,"children":null}}}}}},"gauges":{"Snake.CumulativeReward":{"count":50413,"max":-1,"min":-52.92636,"runningAverage":-47.0867538,"value":-45.10047,"weightedAverage":-46.16629}},"metadata":{"timer_format_version":"0.1.0","start_time_seconds":"1647575620","unity_version":"2020.3.24f1","command_line_arguments":"C:\\Program Files\\Unity\\Hub\\Editor\\2020.3.24f1\\Editor\\Unity.exe -createproject C:\\Users\\Angel\\Documents\\Unity\\Machine Learning 2D 2 -cloneFromTemplate C:\\Program Files\\Unity\\Hub\\Editor\\2020.3.24f1\\Editor\\Data\\Resources\\PackageManager\\ProjectTemplates\\com.unity.template.2d-5.0.0.tgz -cloudOrganization  -cloudEnvironment production -useHub -hubIPC -hubSessionId 23565290-a65a-11ec-83db-b70c561506e1 -accessToken wka4JvdITa28hpCQVSNDkS0CL-n9PYFHWJ6Zpxz7p9w006f","communication_protocol_version":"1.5.0","com.unity.ml-agents_version":"2.2.1-exp.1","scene_name":"SampleScene","end_time_seconds":"1647584528"}}