{"count":1,"self":40.0970784,"total":181.17095139999998,"children":{"InitializeActuators":{"count":20,"self":0.0019947999999999997,"total":0.0019947999999999997,"children":null},"InitializeSensors":{"count":20,"self":0.0039895999999999994,"total":0.0039895999999999994,"children":null},"AgentSendState":{"count":116817,"self":5.2873247999999995,"total":10.1423542,"children":{"CollectObservations":{"count":140160,"self":0.11290349999999999,"total":0.11290349999999999,"children":null},"WriteActionMask":{"count":140160,"self":0.1256843,"total":0.1256843,"children":null},"RequestDecision":{"count":140160,"self":0.3471169,"total":4.6164418,"children":{"AgentInfo.ToProto":{"count":140160,"self":0.3510954,"total":4.2693249,"children":{"GenerateSensorData":{"count":140160,"self":3.5030812,"total":3.9182295,"children":{"RayPerceptionSensor.Perceive":{"count":280320,"self":0.4151484,"total":0.4151484,"children":null}}}}}}}}},"DecideAction":{"count":116817,"self":130.16625919999998,"total":130.1662529,"children":null},"AgentAct":{"count":116817,"self":0.45769079999999995,"total":0.45769079999999995,"children":null},"AgentInfo.ToProto":{"count":7064,"self":0.021883299999999998,"total":0.3005925,"children":{"GenerateSensorData":{"count":7064,"self":0.2567222,"total":0.2787092,"children":{"RayPerceptionSensor.Perceive":{"count":14128,"self":0.021987,"total":0.021987,"children":null}}}}}},"gauges":{"Snake.CumulativeReward":{"count":7064,"max":-0.6,"min":-53.8252945,"runningAverage":-48.25574,"value":-48.77501,"weightedAverage":-47.6075249}},"metadata":{"timer_format_version":"0.1.0","start_time_seconds":"1647607023","unity_version":"2020.3.24f1","command_line_arguments":"C:\\Program Files\\Unity\\Hub\\Editor\\2020.3.24f1\\Editor\\Unity.exe -projectpath C:\\Users\\Angel\\Documents\\Unity\\Machine Learning 2D 2 -useHub -hubIPC -cloudEnvironment production -licensingIpc LicenseClient-Angel -hubSessionId 23565290-a65a-11ec-83db-b70c561506e1 -accessToken -Yu1bqa9wCDXu46U5tlMno3vCbJQTNIEnlVMWhIAzMc006f","communication_protocol_version":"1.5.0","com.unity.ml-agents_version":"2.2.1-exp.1","scene_name":"snake","end_time_seconds":"1647607204"}}